[
  {
    "id": "710d1e9d-9515-45ab-bcd1-545fd9b1e1ef",
    "data": [
      {
        "text": "need ",
        "userDefined": false
      },
      {
        "text": "OV",
        "meta": "@shape_value",
        "alias": "shape_value",
        "userDefined": true
      }
    ],
    "isTemplate": false,
    "count": 0,
    "lang": "en",
    "updated": 0
  },
  {
    "id": "d1b866a8-7773-454c-9c42-ee72b7c21ca6",
    "data": [
      {
        "text": "R shape",
        "meta": "@shape_value",
        "alias": "shape_value",
        "userDefined": true
      }
    ],
    "isTemplate": false,
    "count": 0,
    "lang": "en",
    "updated": 0
  },
  {
    "id": "a621ec6f-2474-4091-aa38-8339aa3498ba",
    "data": [
      {
        "text": "shape",
        "userDefined": false
      },
      {
        "text": " R",
        "meta": "@shape_value",
        "alias": "shape_value",
        "userDefined": true
      }
    ],
    "isTemplate": false,
    "count": 0,
    "lang": "en",
    "updated": 0
  },
  {
    "id": "26591ca8-c150-47f0-9ec5-1d564f55807c",
    "data": [
      {
        "text": "diamond",
        "meta": "@shape_value",
        "alias": "shape_value",
        "userDefined": true
      },
      {
        "text": " of ",
        "userDefined": false
      },
      {
        "text": "color F",
        "userDefined": true
      }
    ],
    "isTemplate": false,
    "count": 0,
    "lang": "en",
    "updated": 0
  },
  {
    "id": "eeae858c-a439-40c3-8078-90cbd970e6c8",
    "data": [
      {
        "text": "Heart",
        "meta": "@shape_value",
        "alias": "shape_value",
        "userDefined": true
      },
      {
        "text": " Shape",
        "userDefined": false
      }
    ],
    "isTemplate": false,
    "count": 0,
    "lang": "en",
    "updated": 0
  },
  {
    "id": "fa691aed-1977-4f75-ab3b-5ab97b057764",
    "data": [
      {
        "text": "Round",
        "meta": "@shape_value",
        "alias": "shape_value",
        "userDefined": true
      },
      {
        "text": " shape",
        "userDefined": false
      }
    ],
    "isTemplate": false,
    "count": 0,
    "lang": "en",
    "updated": 0
  },
  {
    "id": "ca6e837a-5ca1-404c-99f5-b81ba6de0a2b",
    "data": [
      {
        "text": "Oval",
        "meta": "@shape_value",
        "alias": "shape_value",
        "userDefined": true
      },
      {
        "text": " shape",
        "userDefined": false
      }
    ],
    "isTemplate": false,
    "count": 0,
    "lang": "en",
    "updated": 0
  },
  {
    "id": "88525b5c-77f6-47c4-9c45-5a9a7f529ec1",
    "data": [
      {
        "text": "Shape of ",
        "userDefined": false
      },
      {
        "text": "Round",
        "meta": "@shape_value",
        "alias": "shape_value",
        "userDefined": true
      },
      {
        "text": ", ",
        "userDefined": false
      },
      {
        "text": "Oval",
        "meta": "@shape_value",
        "alias": "shape_value",
        "userDefined": true
      },
      {
        "text": " and ",
        "userDefined": false
      },
      {
        "text": "Heart",
        "meta": "@shape_value",
        "alias": "shape_value",
        "userDefined": true
      }
    ],
    "isTemplate": false,
    "count": 0,
    "lang": "en",
    "updated": 0
  }
]