[
  {
    "id": "e9721c60-8b24-4ec7-ad07-8efdcc342400",
    "data": [
      {
        "text": "X",
        "meta": "@cut_value",
        "alias": "cut_value",
        "userDefined": true
      },
      {
        "text": " ",
        "userDefined": false
      },
      {
        "text": "X",
        "meta": "@cut_value",
        "alias": "cut_value",
        "userDefined": true
      },
      {
        "text": " none ",
        "userDefined": false
      },
      {
        "text": "VG",
        "meta": "@cut_value",
        "alias": "cut_value",
        "userDefined": true
      }
    ],
    "isTemplate": false,
    "count": 0,
    "lang": "en",
    "updated": 0
  },
  {
    "id": "cee30c4b-662c-441b-934c-a422bd8ebe20",
    "data": [
      {
        "text": "X",
        "meta": "@cut_value",
        "alias": "cut_value",
        "userDefined": true
      },
      {
        "text": " none",
        "userDefined": false
      }
    ],
    "isTemplate": false,
    "count": 0,
    "lang": "en",
    "updated": 0
  },
  {
    "id": "19fd0b8d-b358-475b-a1ef-a1e8454af260",
    "data": [
      {
        "text": "and ",
        "userDefined": false
      },
      {
        "text": "X",
        "meta": "@cut_value",
        "alias": "cut_value",
        "userDefined": true
      },
      {
        "text": " cut",
        "userDefined": false
      }
    ],
    "isTemplate": false,
    "count": 0,
    "lang": "en",
    "updated": 0
  },
  {
    "id": "9b196202-826a-4df7-b875-4bb5672ade1f",
    "data": [
      {
        "text": "X",
        "meta": "@cut_value",
        "alias": "cut_value",
        "userDefined": true
      },
      {
        "text": " cut",
        "userDefined": false
      }
    ],
    "isTemplate": false,
    "count": 0,
    "lang": "en",
    "updated": 0
  },
  {
    "id": "0cff9cd7-2488-4e68-8991-8fcc6a89312c",
    "data": [
      {
        "text": "X",
        "meta": "@cut_value",
        "alias": "cut_value",
        "userDefined": true
      }
    ],
    "isTemplate": false,
    "count": 0,
    "lang": "en",
    "updated": 0
  }
]