[
  {
    "id": "49065850-ba1d-4a01-abf7-e5af433fbc4b",
    "data": [
      {
        "text": "possess ",
        "userDefined": false
      },
      {
        "text": "VG-",
        "meta": "@cut_value",
        "alias": "cut_value",
        "userDefined": false
      },
      {
        "text": " sym ",
        "userDefined": false
      },
      {
        "text": "X",
        "meta": "@polish_value",
        "alias": "polish_value",
        "userDefined": false
      },
      {
        "text": " polish ",
        "userDefined": false
      },
      {
        "text": "X",
        "meta": "@cut_value",
        "alias": "cut_value",
        "userDefined": true
      },
      {
        "text": " cut",
        "userDefined": false
      }
    ],
    "isTemplate": false,
    "count": 0,
    "lang": "en",
    "updated": 0
  },
  {
    "id": "b6829b4b-851b-44f2-81a7-0a23137ab068",
    "data": [
      {
        "text": "should have polish ",
        "userDefined": false
      },
      {
        "text": "X",
        "meta": "@polish_value",
        "alias": "polish_value",
        "userDefined": false
      },
      {
        "text": " cut ",
        "userDefined": false
      },
      {
        "text": "X",
        "meta": "@cut_value",
        "alias": "cut_value",
        "userDefined": true
      }
    ],
    "isTemplate": false,
    "count": 0,
    "lang": "en",
    "updated": 0
  },
  {
    "id": "7786f3a5-bed4-49bf-9b8c-7da5e38a3103",
    "data": [
      {
        "text": "consists of ",
        "userDefined": false
      },
      {
        "text": "X",
        "meta": "@polish_value",
        "alias": "polish_value",
        "userDefined": true
      },
      {
        "text": " polish ",
        "userDefined": false
      },
      {
        "text": "VG-",
        "meta": "@cut_value",
        "alias": "cut_value",
        "userDefined": true
      },
      {
        "text": " cut",
        "userDefined": false
      }
    ],
    "isTemplate": false,
    "count": 0,
    "lang": "en",
    "updated": 0
  },
  {
    "id": "5af89255-665e-4acb-b3e8-67eb28ae86ab",
    "data": [
      {
        "text": "and",
        "userDefined": false
      },
      {
        "text": " polish type is ",
        "userDefined": false
      },
      {
        "text": "GOOD",
        "meta": "@polish_value",
        "alias": "polish_value",
        "userDefined": false
      }
    ],
    "isTemplate": false,
    "count": 0,
    "lang": "en",
    "updated": 0
  },
  {
    "id": "3efeaf2c-590b-47dd-92c6-d5bb3a21e64e",
    "data": [
      {
        "text": "should have ",
        "userDefined": false
      },
      {
        "text": "VERY GOOD",
        "meta": "@polish_value",
        "alias": "polish_value",
        "userDefined": true
      }
    ],
    "isTemplate": false,
    "count": 0,
    "lang": "en",
    "updated": 0
  }
]