[
  {
    "id": "d1703854-7b28-485b-9ec4-44d8cae96292",
    "data": [
      {
        "text": "can you give me a ",
        "userDefined": false
      },
      {
        "text": "pear",
        "meta": "@shape_value",
        "alias": "shape_value",
        "userDefined": true
      },
      {
        "text": " shaped diamond",
        "userDefined": false
      }
    ],
    "isTemplate": false,
    "count": 0,
    "lang": "en",
    "updated": 0
  },
  {
    "id": "a898f5bb-9c91-48b7-a930-63a56dbb2d52",
    "data": [
      {
        "text": "Give me ",
        "userDefined": false
      },
      {
        "text": "pear",
        "meta": "@shape_value",
        "alias": "shape_value",
        "userDefined": false
      },
      {
        "text": ", ",
        "userDefined": false
      },
      {
        "text": "OV",
        "meta": "@shape_value",
        "alias": "shape_value",
        "userDefined": false
      },
      {
        "text": " shaped diamond",
        "userDefined": false
      }
    ],
    "isTemplate": false,
    "count": 0,
    "lang": "en",
    "updated": 0
  },
  {
    "id": "371a2b5e-1ec6-47a6-9985-4c1b9cd11daf",
    "data": [
      {
        "text": "Give me ",
        "userDefined": false
      },
      {
        "text": "round",
        "meta": "@shape_value",
        "alias": "shape_value",
        "userDefined": true
      },
      {
        "text": ", ",
        "userDefined": false
      },
      {
        "text": "oval",
        "meta": "@shape_value",
        "alias": "shape_value",
        "userDefined": true
      },
      {
        "text": " and ",
        "userDefined": false
      },
      {
        "text": "pear",
        "meta": "@shape_value",
        "alias": "shape_value",
        "userDefined": true
      },
      {
        "text": " shaped diamond",
        "userDefined": false
      }
    ],
    "isTemplate": false,
    "count": 0,
    "lang": "en",
    "updated": 0
  },
  {
    "id": "6db1ad11-81ba-4c04-aa86-cc5cfc2fe47c",
    "data": [
      {
        "text": "X",
        "meta": "@cut_value",
        "alias": "cut_value",
        "userDefined": true
      },
      {
        "text": " ",
        "userDefined": false
      },
      {
        "text": "X",
        "meta": "@polish_value",
        "alias": "polish_value",
        "userDefined": true
      },
      {
        "text": " ",
        "userDefined": false
      },
      {
        "text": "none",
        "meta": "@fluoro_value",
        "alias": "fluoro_value",
        "userDefined": true
      }
    ],
    "isTemplate": false,
    "count": 0,
    "lang": "en",
    "updated": 0
  },
  {
    "id": "3680ad2f-a40a-4ed8-8359-79c3a9a452bd",
    "data": [
      {
        "text": "Can you show me a pair of ",
        "userDefined": false
      },
      {
        "text": "PR",
        "meta": "@shape_value",
        "alias": "shape_value",
        "userDefined": true
      },
      {
        "text": " cut diamonds",
        "userDefined": false
      }
    ],
    "isTemplate": false,
    "count": 0,
    "lang": "en",
    "updated": 0
  },
  {
    "id": "d4162dbf-2942-4066-9547-63fa6be8af84",
    "data": [
      {
        "text": "can you show me a ",
        "userDefined": false
      },
      {
        "text": "RB",
        "meta": "@shape_value",
        "alias": "shape_value",
        "userDefined": true
      }
    ],
    "isTemplate": false,
    "count": 0,
    "lang": "en",
    "updated": 0
  },
  {
    "id": "a685054b-41b8-43ea-8832-e2a4156ac108",
    "data": [
      {
        "text": "show me ",
        "userDefined": false
      },
      {
        "text": "OV",
        "meta": "@shape_value",
        "alias": "shape_value",
        "userDefined": true
      }
    ],
    "isTemplate": false,
    "count": 0,
    "lang": "en",
    "updated": 0
  },
  {
    "id": "db3b5dde-ae7d-4bd8-a16e-ebd029f9712e",
    "data": [
      {
        "text": "looking for ",
        "userDefined": false
      },
      {
        "text": "MQ",
        "meta": "@shape_value",
        "alias": "shape_value",
        "userDefined": true
      }
    ],
    "isTemplate": false,
    "count": 0,
    "lang": "en",
    "updated": 0
  },
  {
    "id": "fa6d6c8a-a85b-437e-a771-ad5b8c5b10da",
    "data": [
      {
        "text": "CU",
        "meta": "@shape_value",
        "alias": "shape_value",
        "userDefined": true
      },
      {
        "text": " 2-3ct vs2 ",
        "userDefined": false
      },
      {
        "text": "Y-Z",
        "meta": "@color_value",
        "alias": "color_value",
        "userDefined": true
      },
      {
        "text": " ",
        "userDefined": false
      },
      {
        "text": "X",
        "meta": "@cut_value",
        "alias": "cut_value",
        "userDefined": true
      }
    ],
    "isTemplate": false,
    "count": 0,
    "lang": "en",
    "updated": 0
  },
  {
    "id": "f50ec435-3f4e-4983-8ad3-9b6038d9441e",
    "data": [
      {
        "text": "Y-Z",
        "meta": "@color_value",
        "alias": "color_value",
        "userDefined": true
      },
      {
        "text": " color range",
        "userDefined": false
      }
    ],
    "isTemplate": false,
    "count": 0,
    "lang": "en",
    "updated": 0
  },
  {
    "id": "f5808049-ac6f-4bc5-9a45-f1a9ae776e65",
    "data": [
      {
        "text": "X",
        "meta": "@cut_value",
        "alias": "cut_value",
        "userDefined": true
      },
      {
        "text": " ",
        "userDefined": false
      },
      {
        "text": "CU",
        "meta": "@shape_value",
        "alias": "shape_value",
        "userDefined": true
      },
      {
        "text": " none",
        "userDefined": false
      }
    ],
    "isTemplate": false,
    "count": 0,
    "lang": "en",
    "updated": 0
  },
  {
    "id": "8c636d80-d933-4ff9-9326-631246df3c7e",
    "data": [
      {
        "text": "and",
        "userDefined": false
      },
      {
        "text": " X",
        "meta": "@cut_value",
        "alias": "cut_value",
        "userDefined": true
      },
      {
        "text": " cut",
        "userDefined": false
      }
    ],
    "isTemplate": false,
    "count": 0,
    "lang": "en",
    "updated": 0
  },
  {
    "id": "176e418a-ad24-4740-9e23-5a171835b1ea",
    "data": [
      {
        "text": "CU",
        "meta": "@shape_value",
        "alias": "shape_value",
        "userDefined": true
      },
      {
        "text": " cut",
        "userDefined": false
      }
    ],
    "isTemplate": false,
    "count": 0,
    "lang": "en",
    "updated": 0
  },
  {
    "id": "ec3abc7b-e29f-4d40-aea3-f75ba99b40a6",
    "data": [
      {
        "text": "MQ",
        "meta": "@shape_value",
        "alias": "shape_value",
        "userDefined": true
      }
    ],
    "isTemplate": false,
    "count": 0,
    "lang": "en",
    "updated": 0
  },
  {
    "id": "d26aac5f-5c9b-4798-89ac-6d429af45d6f",
    "data": [
      {
        "text": "RD",
        "meta": "@shape_value",
        "alias": "shape_value",
        "userDefined": true
      }
    ],
    "isTemplate": false,
    "count": 0,
    "lang": "en",
    "updated": 0
  },
  {
    "id": "b43f7ab9-85d8-4cfb-90db-6e89493195ef",
    "data": [
      {
        "text": "pair of ",
        "userDefined": false
      },
      {
        "text": "PR",
        "meta": "@shape_value",
        "alias": "shape_value",
        "userDefined": true
      },
      {
        "text": " diamonds",
        "userDefined": false
      }
    ],
    "isTemplate": false,
    "count": 0,
    "lang": "en",
    "updated": 0
  },
  {
    "id": "edd55120-b92e-4c5c-b03a-4c8cbe7ceaa5",
    "data": [
      {
        "text": "single ",
        "userDefined": false
      },
      {
        "text": "MQ",
        "meta": "@shape_value",
        "alias": "shape_value",
        "userDefined": true
      },
      {
        "text": " diamond",
        "userDefined": false
      }
    ],
    "isTemplate": false,
    "count": 0,
    "lang": "en",
    "updated": 0
  },
  {
    "id": "4990fa4b-b9f2-47ce-8dee-a408331d2de2",
    "data": [
      {
        "text": "show me an ",
        "userDefined": false
      },
      {
        "text": "OV",
        "meta": "@shape_value",
        "alias": "shape_value",
        "userDefined": true
      }
    ],
    "isTemplate": false,
    "count": 0,
    "lang": "en",
    "updated": 0
  },
  {
    "id": "5bc2554f-285a-40ed-87db-c20de7389d0d",
    "data": [
      {
        "text": "OV",
        "meta": "@shape_value",
        "alias": "shape_value",
        "userDefined": true
      }
    ],
    "isTemplate": false,
    "count": 0,
    "lang": "en",
    "updated": 0
  },
  {
    "id": "bb56e692-a6a4-42d7-9594-012abd3a5b81",
    "data": [
      {
        "text": "find me ",
        "userDefined": false
      },
      {
        "text": "CU",
        "meta": "@shape_value",
        "alias": "shape_value",
        "userDefined": true
      }
    ],
    "isTemplate": false,
    "count": 1,
    "lang": "en",
    "updated": 0
  },
  {
    "id": "bb4b8540-803e-4596-adb0-0c1398d2f1cb",
    "data": [
      {
        "text": "EM",
        "meta": "@shape_value",
        "alias": "shape_value",
        "userDefined": true
      },
      {
        "text": " cut",
        "userDefined": false
      }
    ],
    "isTemplate": false,
    "count": 0,
    "lang": "en",
    "updated": 0
  },
  {
    "id": "17e1e736-90ea-459c-aa45-9be03526f875",
    "data": [
      {
        "text": "heart",
        "meta": "@shape_value",
        "alias": "shape_value",
        "userDefined": true
      },
      {
        "text": " shape",
        "userDefined": false
      }
    ],
    "isTemplate": false,
    "count": 0,
    "lang": "en",
    "updated": 0
  },
  {
    "id": "ba47c70c-8600-4b8e-947a-5a9668147b3a",
    "data": [
      {
        "text": "PS",
        "meta": "@shape_value",
        "alias": "shape_value",
        "userDefined": true
      },
      {
        "text": " shape",
        "userDefined": false
      }
    ],
    "isTemplate": false,
    "count": 0,
    "lang": "en",
    "updated": 0
  }
]