[
  {
    "value": "(?i)(around )?(approximate )?(approx )?([+-]?([0-9]*[.])?[0-9]+[\\-]?( to )?)?[+-]?([0-9]*[.])?[0-9]+(ct)",
    "synonyms": [
      "(?i)(around )?(approximate )?(approx )?([+-]?([0-9]*[.])?[0-9]+[\\-]?( to )?)?[+-]?([0-9]*[.])?[0-9]+(ct)"
    ]
  },
  {
    "value": "(?i)(around )?(approximate )?(approx )?([+-]?([0-9]*[.])?[0-9]+[\\-]?( to )?)?[+-]?([0-9]*[.])?[0-9]+( ct)",
    "synonyms": [
      "(?i)(around )?(approximate )?(approx )?([+-]?([0-9]*[.])?[0-9]+[\\-]?( to )?)?[+-]?([0-9]*[.])?[0-9]+( ct)"
    ]
  },
  {
    "value": "(?i)(around )?(approximate )?(approx )?([+-]?([0-9]*[.])?[0-9]+[\\-]?( to )?)?[+-]?([0-9]*[.])?[0-9]+(carat)",
    "synonyms": [
      "(?i)(around )?(approximate )?(approx )?([+-]?([0-9]*[.])?[0-9]+[\\-]?( to )?)?[+-]?([0-9]*[.])?[0-9]+(carat)"
    ]
  },
  {
    "value": "(?i)(around )?(approximate )?(approx )?([+-]?([0-9]*[.])?[0-9]+[\\-]?( to )?)?[+-]?([0-9]*[.])?[0-9]+( carat)",
    "synonyms": [
      "(?i)(around )?(approximate )?(approx )?([+-]?([0-9]*[.])?[0-9]+[\\-]?( to )?)?[+-]?([0-9]*[.])?[0-9]+( carat)"
    ]
  }
]