[
  {
    "value": "FL",
    "synonyms": [
      "FL"
    ]
  },
  {
    "value": "IF",
    "synonyms": [
      "IF",
      "FL-",
      "IF-",
      "FL+",
      "IF+"
    ]
  },
  {
    "value": "VVS1",
    "synonyms": [
      "VVS1",
      "VVS1-",
      "VVS1+"
    ]
  },
  {
    "value": "VVS2",
    "synonyms": [
      "VVS2",
      "VVS2-",
      "VVS2+"
    ]
  },
  {
    "value": "VS1",
    "synonyms": [
      "VS1",
      "VS1-",
      "VS1+"
    ]
  },
  {
    "value": "VS2",
    "synonyms": [
      "VS2",
      "VS2-",
      "VS2+"
    ]
  },
  {
    "value": "SI1",
    "synonyms": [
      "SI1",
      "SI1-",
      "SI1+"
    ]
  },
  {
    "value": "SI2",
    "synonyms": [
      "SI2",
      "SI2-",
      "SI2+"
    ]
  },
  {
    "value": "I1",
    "synonyms": [
      "I1",
      "I1+",
      "I1-"
    ]
  },
  {
    "value": "I2",
    "synonyms": [
      "I2",
      "I2+",
      "I2-"
    ]
  },
  {
    "value": "I3",
    "synonyms": [
      "I3",
      "I3-",
      "I3+"
    ]
  },
  {
    "value": "PK",
    "synonyms": [
      "PK"
    ]
  },
  {
    "value": "VVS",
    "synonyms": [
      "VVS",
      "VVS+",
      "VVS-"
    ]
  }
]