[
  {
    "value": "D",
    "synonyms": [
      "D",
      "D+",
      "D-",
      "DEF"
    ]
  },
  {
    "value": "E",
    "synonyms": [
      "E",
      "E+",
      "E-",
      "DEF"
    ]
  },
  {
    "value": "F",
    "synonyms": [
      "F",
      "F+",
      "F-",
      "DEF"
    ]
  },
  {
    "value": "G",
    "synonyms": [
      "G",
      "G-",
      "G+"
    ]
  },
  {
    "value": "H",
    "synonyms": [
      "H",
      "H+",
      "H-"
    ]
  },
  {
    "value": "I",
    "synonyms": [
      "I",
      "I+",
      "I-"
    ]
  },
  {
    "value": "K",
    "synonyms": [
      "K",
      "K+",
      "K-"
    ]
  },
  {
    "value": "J",
    "synonyms": [
      "J",
      "J+",
      "J-"
    ]
  },
  {
    "value": "L",
    "synonyms": [
      "L",
      "L+",
      "L-"
    ]
  },
  {
    "value": "M",
    "synonyms": [
      "M",
      "M+",
      "M-"
    ]
  },
  {
    "value": "N",
    "synonyms": [
      "N",
      "N+",
      "N-"
    ]
  },
  {
    "value": "O",
    "synonyms": [
      "O",
      "O+",
      "O-"
    ]
  },
  {
    "value": "P",
    "synonyms": [
      "P",
      "P+",
      "P-"
    ]
  },
  {
    "value": "Q",
    "synonyms": [
      "Q",
      "Q+",
      "Q-"
    ]
  },
  {
    "value": "R",
    "synonyms": [
      "R"
    ]
  },
  {
    "value": "S",
    "synonyms": [
      "S"
    ]
  },
  {
    "value": "T",
    "synonyms": [
      "T"
    ]
  },
  {
    "value": "U",
    "synonyms": [
      "U"
    ]
  },
  {
    "value": "V",
    "synonyms": [
      "V"
    ]
  },
  {
    "value": "W",
    "synonyms": [
      "W"
    ]
  },
  {
    "value": "X",
    "synonyms": [
      "X"
    ]
  },
  {
    "value": "Y",
    "synonyms": [
      "Y"
    ]
  },
  {
    "value": "Z",
    "synonyms": [
      "Z"
    ]
  }
]