[
  {
    "value": "X",
    "synonyms": [
      "X",
      "EX",
      "EX-",
      "EX+",
      "EXCELLENT"
    ]
  },
  {
    "value": "VG",
    "synonyms": [
      "VG",
      "VG-",
      "VG+",
      "VERY GOOD",
      "VERYGOOD",
      "Very Good"
    ]
  },
  {
    "value": "G",
    "synonyms": [
      "G",
      "G-",
      "G+",
      "GOOD"
    ]
  },
  {
    "value": "F",
    "synonyms": [
      "F",
      "FAIR"
    ]
  },
  {
    "value": "P",
    "synonyms": [
      "P",
      "POOR"
    ]
  }
]