[
  {
    "value": "N",
    "synonyms": [
      "N",
      "NONE",
      "NON",
      "NO",
      "NAN",
      "none"
    ]
  },
  {
    "value": "F",
    "synonyms": [
      "FAINT",
      "FNT",
      "F"
    ]
  },
  {
    "value": "M",
    "synonyms": [
      "MEDIUM",
      "MED",
      "M",
      "MEDIUMYELLOW"
    ]
  },
  {
    "value": "S",
    "synonyms": [
      "STRONG",
      "STG",
      "S",
      "ST",
      "STRONGYELLOW"
    ]
  },
  {
    "value": "VS",
    "synonyms": [
      "VS",
      "VERY STRONG",
      "VST",
      "VSTG",
      "VERYSTRONG",
      "VERYSTRONGBL"
    ]
  }
]