[
  {
    "value": "(?i)(around )?(approximate )?(approx )?([+-]?([0-9]*[.])?[0-9]+[\\-]?( to )?)?[+-]?([0-9]*[.])?[0-9]+(price)",
    "synonyms": [
      "(?i)(around )?(approximate )?(approx )?([+-]?([0-9]*[.])?[0-9]+[\\-]?( to )?)?[+-]?([0-9]*[.])?[0-9]+(price)"
    ]
  },
  {
    "value": "(?i)(around )?(approximate )?(approx )?([+-]?([0-9]*[.])?[0-9]+[\\-]?( to )?)?[+-]?([0-9]*[.])?[0-9]+( price)",
    "synonyms": [
      "(?i)(around )?(approximate )?(approx )?([+-]?([0-9]*[.])?[0-9]+[\\-]?( to )?)?[+-]?([0-9]*[.])?[0-9]+( price)"
    ]
  },
  {
    "value": "(?i)(around )?(approximate )?(approx )?([+-]?([0-9]*[.])?[0-9]+[\\-]?( to )?)?[+-]?([0-9]*[.])?[0-9]+( cts)",
    "synonyms": [
      "(?i)(around )?(approximate )?(approx )?([+-]?([0-9]*[.])?[0-9]+[\\-]?( to )?)?[+-]?([0-9]*[.])?[0-9]+( cts)"
    ]
  },
  {
    "value": "(?i)(around )?(approximate )?(approx )?([+-]?([0-9]*[.])?[0-9]+[\\-]?( to )?)?[+-]?([0-9]*[.])?[0-9]+(cts)",
    "synonyms": [
      "(?i)(around )?(approximate )?(approx )?([+-]?([0-9]*[.])?[0-9]+[\\-]?( to )?)?[+-]?([0-9]*[.])?[0-9]+(cts)"
    ]
  }
]