[
  {
    "value": "RD",
    "synonyms": [
      "ROUND",
      "RD",
      "BR",
      "RB",
      "R",
      "R shape",
      "Shape R",
      "ROUND BRILLIANT",
      "BRILLIANT ROUND",
      "BRILLIANT",
      "BRILLIANT CUT",
      "BRILLIANTCUT",
      "RBs"
    ]
  },
  {
    "value": "OV",
    "synonyms": [
      "OV",
      "OVAL",
      "OC",
      "OVEL",
      "OL"
    ]
  },
  {
    "value": "HS",
    "synonyms": [
      "HS",
      "HEART",
      "HRT",
      "HR",
      "LOVE",
      "HC"
    ]
  },
  {
    "value": "EM",
    "synonyms": [
      "EM",
      "EMRD",
      "EC",
      "EMERALD",
      "emerald cut",
      "EMERALD CUT"
    ]
  },
  {
    "value": "CU",
    "synonyms": [
      "CU",
      "CUSHION MODIFIED",
      "CMB",
      "CM",
      "CS",
      "CUSHIONMODIFIED",
      "CUSHION",
      "CUS",
      "ECU"
    ]
  },
  {
    "value": "PR",
    "synonyms": [
      "PR",
      "PC",
      "PRINCESS"
    ]
  },
  {
    "value": "PS",
    "synonyms": [
      "PS",
      "PEAR",
      "PER",
      "PAER",
      "pear"
    ]
  },
  {
    "value": "RA",
    "synonyms": [
      "RA",
      "RADIANT",
      "RAD"
    ]
  },
  {
    "value": "MQ",
    "synonyms": [
      "MQ",
      "MAR",
      "MR",
      "MARQUISE"
    ]
  },
  {
    "value": "AS",
    "synonyms": [
      "AS",
      "ASHCHER",
      "ASSCHER",
      "ASSC",
      "assc"
    ]
  },
  {
    "value": "TR",
    "synonyms": [
      "TR",
      "TRIANGLE",
      "TRI"
    ]
  }
]